"iso","adm1","adm2","umd_tree_cover_extent_2000__ha","area__ha"
"USA",5,19,139697.92510011129119164,1058277.76312302761062207
